game-start|1.0.0|2017-01-26 12:11:17.6182467|1223d535-de3d-46eb-826f-70fae857ea39|3lv3d4
game-start|1.0.0|2017-01-26 12:11:17.9732467|3bd20a75-84d1-49f8-9ee0-b4c6ccc92ee0|R3tt4
game-start|1.0.0|2017-01-26 12:11:18.0412467|ede9eca9-f69e-4157-9f77-c43ca677ab83|P44r1sh44
game-start|1.0.0|2017-01-26 12:11:18.2592467|9b364f91-faea-4a46-9fcc-354b8518d2f1|Kurtus
game-start|1.0.0|2017-01-26 12:11:18.2782467|e931cabf-e0ed-403b-bbda-c488170a5aa0|L0u1s34nn
game-start|1.0.0|2017-01-26 12:11:31.8616206|2bebe9d5-05f9-46e5-9efe-2f5d7fd74251|3l4444r
game-start|1.0.0|2017-01-26 12:11:32.0666206|b07b597c-e150-49be-8678-0734306f1dd5|3r44l1n44
game-start|1.0.0|2017-01-26 12:11:32.4696206|374cf654-1802-48a4-af55-3c86c3ff3969|J3443tt44
game-start|1.0.0|2017-01-26 12:11:32.5516206|208ace0b-d225-4493-908b-b952875b777d|44c3n10
game-start|1.0.0|2017-01-26 12:11:32.1566206|ba7d2acb-9c80-442f-b442-2b4634af1d15|T3r3n44
game-start|1.0.0|2017-01-26 12:11:53.1499534|06703721-3f20-4fbf-bd07-ff9970b57855|Chr1s44
game-start|1.0.0|2017-01-26 12:11:53.2769534|364925d6-0e59-406f-bfd2-6961226a8360|44c1nt0
game-start|1.0.0|2017-01-26 12:11:53.4739534|3adeb53c-c07a-4c57-863f-4fc6f194e429|C3l3st14l
game-start|1.0.0|2017-01-26 12:11:53.8189534|bd3899a3-06e9-43d4-87bf-5f99abd0644b|N4qu1t4
game-start|1.0.0|2017-01-26 12:11:53.9319534|63837c17-dfa4-40dd-a5df-f9d62af87d97|21ll4
game-start|1.0.0|2017-01-26 12:12:22.5031862|b9e9a907-6bda-4013-b16f-d73501b0588b|K1ndu
game-start|1.0.0|2017-01-26 12:12:22.6011862|5b5e6eff-0a26-43b4-9299-95e0bef69d3d|D443tr1c3
game-start|1.0.0|2017-01-26 12:12:22.5031862|67ab236d-1291-429e-89e5-94810ad3aae2|H44s44n
game-start|1.0.0|2017-01-26 12:12:22.8161862|ef83dc59-cd38-426b-9844-b89d16898dad|C4r3y
game-start|1.0.0|2017-01-26 12:12:23.1141862|78f9cac7-b8d6-49fc-9046-dd547ac358a7|2441y44
game-start|1.0.0|2017-01-26 12:13:01.4780220|2589a4e1-df82-45a8-ae0b-1c9a01eaf827|Kr3sh4
game-start|1.0.0|2017-01-26 12:13:00.9620220|2087ebca-3460-4c73-930c-7916dd892617|F4413nn3
game-start|1.0.0|2017-01-26 12:13:01.6460220|f234db80-4770-498e-81f7-bc62d98fea16|144sh44
game-start|1.0.0|2017-01-26 12:13:01.6680220|b67063aa-6e6b-4494-9e5a-232d6da1e5cf|Dr4yt0n
game-start|1.0.0|2017-01-26 12:13:01.8360220|906e96f0-0371-43a5-9a0d-cad602fc3200|V1nc3n44
game-start|1.0.0|2017-01-26 12:13:49.0724747|7c70303c-9700-4852-ba5c-934eb178b55d|B3n3d1ct
game-start|1.0.0|2017-01-26 12:13:49.0954747|07daad3c-a7e6-4005-bd1e-17b82e5c26f5|44rm0n
game-start|1.0.0|2017-01-26 12:13:49.2224747|92be7e5b-6491-4091-accc-e082d9ecb038|D4ph4n3
game-start|1.0.0|2017-01-26 12:13:49.3104747|93b56e94-3044-4ab2-bbd4-2f9133362253|Tsun30
game-start|1.0.0|2017-01-26 12:13:49.5914747|c127dfa5-57d4-465c-a494-5541d3fd8eac|4m3r1cus
game-start|1.0.0|2017-01-26 12:14:37.9173200|a2390659-7397-4c27-a754-c708cc03730b|M0nt4410
game-start|1.0.0|2017-01-26 12:14:38.2823200|e99defcb-004f-46bf-ba26-87ff2a1f2a07|D4wn3l
game-start|1.0.0|2017-01-26 12:14:38.3963200|be74bf90-b64d-408f-b1e7-4cb705d01be8|442um1
game-start|1.0.0|2017-01-26 12:14:38.5613200|f45bb95a-8a8e-4503-bfa0-a45c7c334fa8|3b3r4rd0
game-start|1.0.0|2017-01-26 12:14:38.7423200|d7e4a7fa-ae61-483b-8ccc-d1e10da78020|1r3n
game-start|1.0.0|2017-01-26 12:15:18.8045747|f73635a8-6f73-4b62-851a-8c43bf100cfd|T34nn4
game-start|1.0.0|2017-01-26 12:15:19.1415747|f375637f-0a98-49a6-9986-4888c596f135|Thurm4
game-start|1.0.0|2017-01-26 12:15:19.3005747|a0239d47-7095-4ee8-8a41-b9dcba8f4681|W3st1n
game-start|1.0.0|2017-01-26 12:15:18.7405747|e49d1ac3-af98-4262-bf24-ffff264d1c5a|R3gg1n44d
game-start|1.0.0|2017-01-26 12:15:18.7855747|9db4e1d2-4dba-4fee-b3b2-0b9bad1a5938|440n20
game-start|1.0.0|2017-01-26 12:15:47.7223194|22ef9318-0f48-4500-b422-eab907216f91|J3ss1
game-start|1.0.0|2017-01-26 12:15:47.3163194|5589909e-b016-43b9-b1ec-189eabbfe3be|44rth44
game-start|1.0.0|2017-01-26 12:15:47.6393194|8ff3f27b-8ea2-4823-acab-6d4e0c0526e3|J0m0
game-start|1.0.0|2017-01-26 12:15:47.7223194|5301f0f8-88c6-42df-8cd4-f040c8d9c1c5|V1d3l
game-start|1.0.0|2017-01-26 12:15:47.9543194|59718308-88b6-46c3-b5d0-bfc2a28b2c8a|G34rl34n
game-start|1.0.0|2017-01-26 12:16:05.1311949|db30ff69-df2e-484e-bad2-b3604c54696f|Lu23tt44
game-start|1.0.0|2017-01-26 12:16:05.6581949|0bf3fc00-cc24-41cd-9c7b-ea9b30a8ca68|L0ur3th44
game-start|1.0.0|2017-01-26 12:16:05.8131949|d8f47a55-e2c8-4575-8f91-f0d77ee66298|K0n3t4
game-start|1.0.0|2017-01-26 12:16:05.9241949|1b5a72b8-eab4-40bf-9704-ecd2cd70e83e|44wl3ss
game-start|1.0.0|2017-01-26 12:16:05.9751949|3bbbc7c9-97d1-47d0-8b53-ce77c4d549d8|M3l4nn3
game-start|1.0.0|2017-01-26 12:16:17.2170963|f4c44945-e25a-4f7c-aab4-5a76f2caf6d1|3l1s4b3t
game-start|1.0.0|2017-01-26 12:16:17.2820963|aec7bdc4-1aad-4e85-9866-ca2e4aee8c14|K441n144
game-start|1.0.0|2017-01-26 12:16:17.3960963|a1054afb-b54f-40d5-8a78-c9205a5979f9|N0r41d4
game-start|1.0.0|2017-01-26 12:16:17.4170963|c37720b6-5fea-4b97-bbbe-1b7daa015d43|R43n3ll
game-start|1.0.0|2017-01-26 12:16:18.1280963|9eb3e8d1-5cb3-4152-8acc-abb46077b271|Tyr3c3
game-start|1.0.0|2017-01-26 12:16:26.2257517|aef82a3d-c627-458f-ac29-806c006dc176|M1chu3l
game-start|1.0.0|2017-01-26 12:16:26.3437517|734cfcda-9fe4-4db1-9d15-329e3d19463d|Jul1244
game-start|1.0.0|2017-01-26 12:16:26.3727517|df15480c-8f94-473b-8163-83a0b5eb08a3|S3r44nd0
game-start|1.0.0|2017-01-26 12:16:26.4067517|fb59517f-335b-405d-8217-ec3fe7f652ed|Kw443n44
game-start|1.0.0|2017-01-26 12:16:26.8087517|8cbf3865-710d-42c3-83fb-0ea18f06d17f|J3m44cus
game-start|1.0.0|2017-01-26 12:16:33.9155117|f877d20e-8cfa-444b-9317-cbd14275fcbc|M44t1244
game-start|1.0.0|2017-01-26 12:16:33.9565117|e39e84c8-b986-4568-91b4-5c693ee5a080|213
game-start|1.0.0|2017-01-26 12:16:34.8125117|b919e719-7625-4809-8bce-d9e0fd77eef8|M4ryp4t
game-start|1.0.0|2017-01-26 12:16:34.1685117|0db26fb0-7a49-43f9-a533-825e9d5839b1|S44sh44
game-start|1.0.0|2017-01-26 12:16:34.5315117|1ba7d2d1-a9d0-4de9-8d1c-c62054f78ddb|B3r0n1c44
game-start|1.0.0|2017-01-26 12:16:41.0241874|39d11a38-e497-4abe-9e28-c49d3d7786ba|M4rqu1s3
game-start|1.0.0|2017-01-26 12:16:41.3391874|8b8ef8b7-5cae-4ab9-9c17-d40c97b4b7ec|D4l1n4
game-start|1.0.0|2017-01-26 12:16:41.7251874|d995e773-e229-4027-adb8-89fe5245d5cd|J4v13l
game-start|1.0.0|2017-01-26 12:16:41.3311874|eabae317-a2a2-43ae-bcfd-8a8f377c20e5|Jun 03
game-start|1.0.0|2017-01-26 12:16:41.5611874|2cc5e9cd-0dd7-414b-b578-9732265f8d28|Fl0r3l44
game-start|1.0.0|2017-01-26 12:16:48.4740730|9d79706c-1c33-47de-8469-41d52dfca234|L13s3l0tt3
game-start|1.0.0|2017-01-26 12:16:48.7580730|ca3846bb-9401-41c9-9a1b-4d71bcdba9bd|C44s1ty
game-start|1.0.0|2017-01-26 12:16:49.2880730|bc672d8b-d0d4-4bcf-bee7-d331794520f2|L1n4
game-start|1.0.0|2017-01-26 12:16:49.1250730|eb86bafa-657b-4fd2-b416-d4a6e83cf9d7|443lb3rt
game-start|1.0.0|2017-01-26 12:16:49.1580730|0d43165c-93a8-4a52-8ac5-00d58d1c7abe|Nyk3b44
game-start|1.0.0|2017-01-26 12:16:56.7857492|0397c51b-0a90-4ff0-8515-f93f15b04244|J3rr1s
game-start|1.0.0|2017-01-26 12:16:56.8827492|a707e195-a98c-4d24-9f49-3e40424528a6|Twym44
game-start|1.0.0|2017-01-26 12:16:57.3407492|7982cf1d-111b-4f69-b12b-96a4c783fba5|M0rt1c144
game-start|1.0.0|2017-01-26 12:16:56.8987492|4411cd51-02e7-441c-aabc-eb97b2cfbf29|0t1l14
game-start|1.0.0|2017-01-26 12:16:57.5657492|09329c2e-ecaf-44f5-bba1-de388cf3dedb|Ch4qu1t4
game-start|1.0.0|2017-01-26 12:17:06.9375110|21b4daec-7b07-4e5e-9c6c-4da850a84956|L443tr144
game-start|1.0.0|2017-01-26 12:17:06.3945110|66fbd807-d777-4f8f-90b0-efdae450a748|L443tr144
game-start|1.0.0|2017-01-26 12:17:07.1815110|4cc68a19-4e31-4816-ace4-262623da5549|4rn0l4
game-start|1.0.0|2017-01-26 12:17:07.0355110|bb2132b9-559b-46b1-8b92-cf1b8db19ece|44440
game-start|1.0.0|2017-01-26 12:17:07.0515110|aa88f335-5242-495b-90e3-6255deeb2834|4n4n14s
game-start|1.0.0|2017-01-26 12:17:18.1405662|d67bd7de-8a24-4be4-b451-7e62cc00fb3e|Rh44s0dy
game-start|1.0.0|2017-01-26 12:17:18.1445662|d3e03eb8-13e3-45e0-9605-e4e595d92d37|T44h13k44
game-start|1.0.0|2017-01-26 12:17:18.4985662|425b612f-f181-4392-a8ce-adaefd0df304|Sh4rl33n
game-start|1.0.0|2017-01-26 12:17:18.6245662|796e611f-6c11-43c4-bd9c-32d69b75f8fc|3rm1n4
game-start|1.0.0|2017-01-26 12:17:19.0755662|91e31f9d-655e-4e2a-9f52-b37763cc7e74|K13u
game-start|1.0.0|2017-01-26 12:17:32.9401755|ae14045b-2640-4986-a028-f16ec55577aa|Wh443n
game-start|1.0.0|2017-01-26 12:17:32.9461755|73efb6ee-4d05-41c6-ba87-ebb3bf5fe09c|44gd3l144
game-start|1.0.0|2017-01-26 12:17:33.1991755|bae0c677-0a6e-48c1-8357-8a666f4ca7da|Sh3r44d44
game-start|1.0.0|2017-01-26 12:17:33.4491755|f9150b40-0e92-4fe6-9138-ef0968b0b1ca|W1l13
game-start|1.0.0|2017-01-26 12:17:33.1531755|6eba259c-4500-4919-a2c7-35d613570dd1|M1ry44
game-start|1.0.0|2017-01-26 12:17:51.0040020|f8c27474-dfab-48d9-95e7-0ccacc95c80d|T44u4444
game-start|1.0.0|2017-01-26 12:17:51.3440020|d54ed3cf-378d-4da0-8e5a-5ffe06747ed9|J44r3d
game-start|1.0.0|2017-01-26 12:17:51.0090020|8fb1972b-3174-4fbd-8866-ce8235318dbd|R3yn3ll
game-start|1.0.0|2017-01-26 12:17:51.6960020|c833ac8f-7070-41f3-83e5-032035bbb5fa|4rw1ld4
game-start|1.0.0|2017-01-26 12:17:51.9250020|4fe5fe57-26ae-4b91-be21-11e66e1eff92|4lph0nc3
game-start|1.0.0|2017-01-26 12:18:16.2192191|a755dfed-5fcf-4891-94d7-514eb6c0949d|441th44
game-start|1.0.0|2017-01-26 12:18:16.6832191|8fe3b747-0938-4b73-95c3-a669fbd8d371|44p44n3
game-start|1.0.0|2017-01-26 12:18:16.7082191|0738db2b-83ff-4157-b56b-e5736992dd15|T1ny4
game-start|1.0.0|2017-01-26 12:18:16.4792191|1a4f3b0f-b5c7-4a8f-8530-fbeb1478c575|D0r14nn
game-start|1.0.0|2017-01-26 12:18:16.4912191|60281fbe-2b9d-4f6b-9c3f-76fa7390cfaa|T10nn44
game-start|1.0.0|2017-01-26 12:18:48.9827755|9aa0a540-2eec-4c7b-a9f7-68e37c442db5|T4r3n4
game-start|1.0.0|2017-01-26 12:18:49.4677755|c476f335-eb7d-4841-b126-7b51c9b3f809|Sm1thy
game-start|1.0.0|2017-01-26 12:18:49.4857755|1a93d0c6-dc5e-47c6-8698-385acd70c94c|J0441m44
game-start|1.0.0|2017-01-26 12:18:49.5527755|16f0b08b-5f5f-4b8a-b55d-25c34a8078e2|C0nst4nt
game-start|1.0.0|2017-01-26 12:18:49.6967755|96db5918-885c-4c90-8083-3ce58c8d9ca9|443x
game-start|1.0.0|2017-01-26 12:19:28.0163164|832f517c-dbd8-441d-8471-0751d6e63e47|L44k
game-start|1.0.0|2017-01-26 12:19:28.4853164|189282a2-9e1b-4f1c-bb7c-7f387473a383|K1sh
game-start|1.0.0|2017-01-26 12:19:28.5373164|67f02747-1b2c-42fe-b4bc-57e585da5f1c|R0dn3
game-start|1.0.0|2017-01-26 12:19:28.6153164|99c40b9c-fad9-42dc-ada1-79b3ef13a4a9|F44213r
game-start|1.0.0|2017-01-26 12:19:28.2473164|b9188a29-a31c-46ee-8601-05b7a2575d5c|N33dh4m
game-start|1.0.0|2017-01-26 12:20:07.3615220|d8bce4a8-9e34-4822-8ee9-266f04689387|Br14444
game-start|1.0.0|2017-01-26 12:20:07.8915220|e393f16a-d267-4724-9845-5b01857f5723|D0l0r044
game-start|1.0.0|2017-01-26 12:20:07.7585220|452d4d7c-2733-45df-b4e3-f1582e019444|24444
game-start|1.0.0|2017-01-26 12:20:08.2685220|92803f08-1af8-4a92-92db-665098bea981|444444
game-start|1.0.0|2017-01-26 12:20:08.3135220|6b850d45-0e05-44ba-b6c0-ec1314e7cdc7|C0l3n
game-start|1.0.0|2017-01-26 12:20:45.9342952|be1ac8de-a03d-4205-820a-8c99ce4ad026|441v44
game-start|1.0.0|2017-01-26 12:20:46.0092952|7dbb9c74-9c09-43a6-8658-5309e272a9ac|M44ch3ll0
game-start|1.0.0|2017-01-26 12:20:46.0422952|2adeeb20-1bf4-462a-9187-5925446b996f|41nsl3y
game-start|1.0.0|2017-01-26 12:20:45.9242952|750618e7-8408-4572-bbf2-871f81425e6f|Jul44n
game-start|1.0.0|2017-01-26 12:20:46.8622952|4cb06a99-c465-48a2-b54a-3bb232cf764e|P3tr0n3ll4
game-start|1.0.0|2017-01-26 12:21:19.0228503|8ee301f6-5ec3-4ef0-abda-83577bbf2482|10n3
game-start|1.0.0|2017-01-26 12:21:18.8848503|643cd9c7-bb39-4161-ab06-bc2a2a883009|M1n3r44
game-start|1.0.0|2017-01-26 12:21:19.2148503|691d41a0-96da-4f1c-9771-f534d2766e19|0t3ll4
game-start|1.0.0|2017-01-26 12:21:19.2728503|616804a0-2982-477d-a9ed-51cc3ffe9fe1|J4yd3
game-start|1.0.0|2017-01-26 12:21:19.3098503|5cecf05c-f3a5-4cb9-9237-9ef748df8dbc|L1ll
game-start|1.0.0|2017-01-26 12:21:43.9887939|10d190f5-4c57-4207-9a21-bf548dc03017|N4sh4
game-start|1.0.0|2017-01-26 12:21:44.5647939|8c9eca6e-a818-4df5-ba1f-de7ce70c27bb|D1n1t4
game-start|1.0.0|2017-01-26 12:21:44.0997939|3f1405ff-7628-4700-880d-c66c9251d3c0|Y0n30
game-start|1.0.0|2017-01-26 12:21:44.4197939|4269910b-84eb-4f8d-940e-87c84164473f|Sh4w0nd4
game-start|1.0.0|2017-01-26 12:21:44.5617939|78c90d48-d69e-4447-9808-ad68a71cb66c|M3rc14
game-start|1.0.0|2017-01-26 12:22:02.2619396|096d5573-0233-48c6-bbe5-e51dab998f50|Gl3nnw00d
game-start|1.0.0|2017-01-26 12:22:02.7489396|5f9dbf90-df60-4241-ac96-99557182ba68|L4t1c3
game-start|1.0.0|2017-01-26 12:22:02.7909396|a0466063-66a2-46f5-8890-6cde532aa14b|M44ch44t
game-start|1.0.0|2017-01-26 12:22:02.1759396|5d7498d9-cf12-4075-a518-1da27d7a6a2e|N4b0r
game-start|1.0.0|2017-01-26 12:22:02.2999396|82eb1fe1-36a8-40ef-95af-0186cfe226c7|C0n3l44
game-start|1.0.0|2017-01-26 12:22:15.3244660|3a66c4bd-72a1-4824-8b39-349496e8f0b9|Sh3r1s3
game-start|1.0.0|2017-01-26 12:22:16.0584660|872737bf-8e3a-4437-8903-b5b682582126|4444
game-start|1.0.0|2017-01-26 12:22:16.0624660|fefaafa7-13c4-4563-824c-a80ebf8d01f9|L4v0nn3
game-start|1.0.0|2017-01-26 12:22:15.5374660|80b5d0cf-b3b8-4935-90c4-bcd40b7c0382|44r1su3
game-start|1.0.0|2017-01-26 12:22:15.6214660|6356d773-3b7a-43bf-ae74-d5d5e2b68c66|4llys3
game-start|1.0.0|2017-01-26 12:22:25.4676671|06861afc-871a-4868-bd78-3401c047e4f1|J0hn3s3
game-start|1.0.0|2017-01-26 12:22:26.1666671|d6dce92e-b561-4d50-98db-839bac93ebf3|L4t1s14
game-start|1.0.0|2017-01-26 12:22:25.3956671|108bc284-cccc-4213-9784-7fc4a247c698|L1nds33
game-start|1.0.0|2017-01-26 12:22:25.7166671|49b57714-8961-40a3-b8eb-1215236a9821|3l3443
game-start|1.0.0|2017-01-26 12:22:25.7696671|8297d94c-e980-48ed-9177-87e7b42df89a|M4ns3l
game-start|1.0.0|2017-01-26 12:22:33.7375788|07200a44-43c6-44f4-9510-c2fc648ff775|441m3
game-start|1.0.0|2017-01-26 12:22:34.1695788|d701de89-d9d1-4195-b9e0-dbbe3ea25f68|P4tch3s
game-start|1.0.0|2017-01-26 12:22:34.2135788|12ab61bf-38e6-4d18-82cc-466711912d58|Cl30ph44
game-start|1.0.0|2017-01-26 12:22:34.4125788|982e75ae-51c6-464c-9575-3fcddc59e2aa|T44144
game-start|1.0.0|2017-01-26 12:22:34.4425788|bab25ace-2c1e-4703-a164-e694da57af94|44441s
game-start|1.0.0|2017-01-26 12:22:40.7786633|bbeda222-90fc-479c-a80b-285d45f07152|Jul1443
game-start|1.0.0|2017-01-26 12:22:40.9426633|a9e2be84-ef22-4f11-a182-e504972fcaee|M44v3rn
game-start|1.0.0|2017-01-26 12:22:41.2186633|dc342f44-468c-492b-b4cc-efb17148e533|44n1c44
game-start|1.0.0|2017-01-26 12:22:41.5026633|5b0e68dc-74c7-4551-8b3a-2133a3c4a9c1|C44s1d1
game-start|1.0.0|2017-01-26 12:22:41.0096633|2db88e3a-d3cf-48e3-a4c0-6a23e77c5765|44urd33
game-start|1.0.0|2017-01-26 12:22:48.4913249|51cb292f-4d22-412e-956e-ad9a838bc379|44dr44
game-start|1.0.0|2017-01-26 12:22:48.3823249|029eab84-58da-4e35-805d-b7118458aa56|Th30dr1c
game-start|1.0.0|2017-01-26 12:22:49.2133249|fc6bfddb-7da1-45b5-8aed-6e8ce44793ec|J3s3n144
game-start|1.0.0|2017-01-26 12:22:49.2533249|c49ae783-67d1-4e8b-a441-18243ee62124|Lu3ll4
game-start|1.0.0|2017-01-26 12:22:49.2553249|690e36c8-f83a-471f-b0a9-d2ff2a0d7ba3|Pr1sc3ll44
game-start|1.0.0|2017-01-26 12:22:56.6593547|4891f7d3-fff3-4514-8e84-9a26622760c1|2444444
game-start|1.0.0|2017-01-26 12:22:56.9933547|088b4ed4-a213-40e7-bd40-786120bcebef|M44thu3
game-start|1.0.0|2017-01-26 12:22:57.1143547|48caa36e-60dd-498d-bf79-f00a491eaa2a|M1k3ll
game-start|1.0.0|2017-01-26 12:22:57.2473547|a58abeb4-a44a-44f8-afd8-4e8624ad6248|R44ph1n3
game-start|1.0.0|2017-01-26 12:22:57.4843547|460a0f5f-0420-4f39-b37b-ee8cd25ce5f4|F44l3y
game-start|1.0.0|2017-01-26 12:23:06.2613348|f96647c2-8eb4-4114-b722-8c255a629f9b|Gl4nd4
game-start|1.0.0|2017-01-26 12:23:06.4393348|f6192778-ba88-4abc-93c3-667f9d89766b|D4nn3tt4
game-start|1.0.0|2017-01-26 12:23:06.3633348|3fdac70f-c11d-481c-bbe7-772743073e94|C443n3
game-start|1.0.0|2017-01-26 12:23:06.4793348|a6a69baa-bfe9-44f9-82e8-3e4971eecccd|B443t3
game-start|1.0.0|2017-01-26 12:23:06.9643348|70915004-e662-46e0-a2b7-4a44d7e5abd3|44rc3ll3
game-start|1.0.0|2017-01-26 12:23:17.7817954|6cb26d68-91b6-43e7-b82e-2b0a65f4e299|44d0n
game-start|1.0.0|2017-01-26 12:23:18.1537954|b1a348a9-5f9c-4c94-afd6-ead28322878b|T0byn
game-start|1.0.0|2017-01-26 12:23:18.3457954|97184232-6bdd-4fed-b6a5-d921d7c08a13|G0ld13
game-start|1.0.0|2017-01-26 12:23:18.5107954|a57d2ac4-3ed0-477a-a566-bf1e458100b6|L4ur1nd4
game-start|1.0.0|2017-01-26 12:23:18.3647954|7485e64c-6b6c-4225-9af3-2c1aa2c86495|Sh3k1m44
game-start|1.0.0|2017-01-26 12:23:32.3258156|27977fef-96d2-44c4-985c-3c43acfa3298|M4n3tt3
game-start|1.0.0|2017-01-26 12:23:31.8758156|ade8c427-d22a-4f5f-a890-453e12871147|0rr3ll
game-start|1.0.0|2017-01-26 12:23:32.4758156|9183f98d-8905-4566-9305-8480aefef45e|Gr1s3ld44
game-start|1.0.0|2017-01-26 12:23:32.4488156|22f75618-4ecd-490c-80c1-aa899579e0f2|M1ck1
game-start|1.0.0|2017-01-26 12:23:32.4668156|7b38dc98-0e3a-40fa-bc1c-ec5e73fd2399|Kush4444
game-start|1.0.0|2017-01-26 12:23:49.8675139|30662088-ba4c-464e-8208-6bf74d92b77e|V4r0n
game-start|1.0.0|2017-01-26 12:23:50.0085139|07f8c8ef-7b83-4a83-a2b3-220e58ccc02c|L1bb1
game-start|1.0.0|2017-01-26 12:23:50.3755139|faba0153-b7f2-426d-9b7f-ac42dbe89a37|21lph14
game-start|1.0.0|2017-01-26 12:23:50.4885139|4b55c4f0-1517-496c-a12d-62562a8b25cd|44r1d3ll
game-start|1.0.0|2017-01-26 12:23:50.5815139|c460b186-c43e-4f12-a87a-361b0ea95187|S31ch1
game-start|1.0.0|2017-01-26 12:24:12.5670536|191fc651-9644-405c-a5fb-c553de957f0b|D0rl1s44
game-start|1.0.0|2017-01-26 12:24:12.8300536|ff70f6c8-a1c9-4469-842e-ce1f24220149|B442
game-start|1.0.0|2017-01-26 12:24:12.9670536|f58a00cf-005c-4cdc-86e6-da894bce5f87|R44ss44
game-start|1.0.0|2017-01-26 12:24:13.1500536|9927b03f-4b45-433f-bd67-6420f67fffb6|44rysu3
game-start|1.0.0|2017-01-26 12:24:13.3100536|a013f7fa-7b6a-4cd0-b15b-ade921ed195d|Cr3t4
game-start|1.0.0|2017-01-26 12:24:38.6378848|a4229579-11f8-4b04-bb05-8835c26d1ff4|V4s1l10s
game-start|1.0.0|2017-01-26 12:24:39.0758848|34e65fc6-e722-4ccd-a969-56cf4e2eb5e2|C0rl44
game-start|1.0.0|2017-01-26 12:24:38.7258848|d282f686-a242-4887-9c36-8ca5e621d023|44hn3t44
game-start|1.0.0|2017-01-26 12:24:38.7458848|dfe69713-0e25-458a-8e7e-eb30c5d77a0f|Luc14n
game-start|1.0.0|2017-01-26 12:24:39.1788848|a709948f-3466-471b-8f33-743ace5b9add|Lut1sh44
game-start|1.0.0|2017-01-26 12:25:09.4144747|c6d61d55-5cc5-40f0-ba0e-8c676998626e|1s44
game-start|1.0.0|2017-01-26 12:25:09.7704747|2b80ecd2-3a8a-4290-a23f-5ee4dff07df5|M0rg44n
game-start|1.0.0|2017-01-26 12:25:09.6524747|35eb0c30-7203-4ffa-8b26-5dd7a5e13364|Pur4
game-start|1.0.0|2017-01-26 12:25:09.9384747|675c14a3-451d-4b26-8069-038fa0661734|4423l
game-start|1.0.0|2017-01-26 12:25:09.9604747|b712d681-89c7-4bbb-86b5-72c3f6e56e7e|K4m3sh14
game-start|1.0.0|2017-01-26 12:25:53.5714412|0482dcb6-3a6f-4965-abd6-8812c71a3f36|S10b44
game-start|1.0.0|2017-01-26 12:25:54.0334412|49be67af-1ee8-4711-9028-f03f495f548b|Gust4v3
game-start|1.0.0|2017-01-26 12:25:54.1494412|ea17fc5a-5ed0-4271-9289-bc9c69759866|D4441n44
game-start|1.0.0|2017-01-26 12:25:53.7114412|dbceade6-7101-4b12-bc38-385152cdc0ee|S1lv3r144
game-start|1.0.0|2017-01-26 12:25:54.0144412|82897750-143a-4df8-b0a0-799932bcbab5|N4ry
game-start|1.0.0|2017-01-26 12:26:39.6523250|f41434b5-deb4-4220-be50-562b9fd6afa8|Vy044
game-start|1.0.0|2017-01-26 12:26:40.0003250|e3b5d278-24ac-4ac2-8872-05ae292177c2|440n144
game-start|1.0.0|2017-01-26 12:26:40.0203250|572be02e-6bc0-4513-a036-80acaf10ba12|44ll1c3
game-start|1.0.0|2017-01-26 12:26:39.7573250|26626dd7-ac87-4fa2-b88f-6fb41df82611|K3dr1ck
game-start|1.0.0|2017-01-26 12:26:39.9573250|3be197b1-7bb1-43bf-9c6d-f527198d18a2|K1n3t44
game-start|1.0.0|2017-01-26 12:27:23.5430933|4c97ad90-a68b-4efe-863c-751d15ac13a1|0rl0
game-start|1.0.0|2017-01-26 12:27:23.9510933|73904bdd-8b4d-4e31-8a0e-a172abcbab42|N1ck3ll
game-start|1.0.0|2017-01-26 12:27:23.1560933|9690df39-6a9b-4ee7-81c7-8900b5cd590a|M44qu3tt3
game-start|1.0.0|2017-01-26 12:27:23.7430933|ce359520-f117-4af1-98f7-61ffb8dbced5|M4d3l1n4
game-start|1.0.0|2017-01-26 12:27:23.8820933|69eb8c63-48bc-454a-9b90-f00b010e4de5|T4ff3t4
game-start|1.0.0|2017-01-26 12:27:56.2599966|b7a4f487-f977-4d49-83c7-bcbd6bedaeb4|N44144
game-start|1.0.0|2017-01-26 12:27:56.7879966|d4c3d36b-b210-418c-831f-dee47f6513ea|J3r3
game-start|1.0.0|2017-01-26 12:27:56.1449966|a5c07a27-e3e1-478d-8610-b428b54378af|1k13
game-start|1.0.0|2017-01-26 12:27:56.1969966|c9875227-479e-4ce1-83b3-467738d33334|443l44d44
game-start|1.0.0|2017-01-26 12:27:56.4899966|38ce8ead-7309-4814-8be2-43d3bba3a9b3|F4yth
game-start|1.0.0|2017-01-26 12:28:17.7891077|9634f8ec-2b45-4bfa-94d5-405271182553|21nn14
game-start|1.0.0|2017-01-26 12:28:17.7921077|48a0a863-a266-4ca4-9e1c-3d8629382f06|J044dr44
game-start|1.0.0|2017-01-26 12:28:17.9261077|da238516-033e-418a-a6fe-291fbb18d7ac|4ngl1n3
game-start|1.0.0|2017-01-26 12:28:18.1841077|cba16f35-a65a-43a4-a98f-1a25895e6ccd|M0s1
game-start|1.0.0|2017-01-26 12:28:18.1211077|fa12f470-0595-48c3-96e4-e8989d352144|44ph0n244
game-start|1.0.0|2017-01-26 12:28:32.5085104|e5bddac6-758b-4c2f-98dd-fe5f2bb77ffe|120r44
game-start|1.0.0|2017-01-26 12:28:32.0335104|04835f26-13c4-4306-947c-008b64c4f02d|G30g3
game-start|1.0.0|2017-01-26 12:28:32.1045104|67008045-b567-438f-ac5e-647332c072bb|Rut44n44
game-start|1.0.0|2017-01-26 12:28:32.1755104|24b74cd3-b97c-4b50-bd25-22de794a74b5|44r44nd144
game-start|1.0.0|2017-01-26 12:28:32.1795104|707aaba8-dbb2-4184-8fef-82aac8305fe9|H44tt
game-start|1.0.0|2017-01-26 12:28:42.4732697|87a222aa-d8f4-4f6e-8326-7aafc193057f|Sh3ll44
game-start|1.0.0|2017-01-26 12:28:42.9312697|aad2b14f-8131-4493-986e-663b9b27fd1b|Y44t44
game-start|1.0.0|2017-01-26 12:28:42.5632697|a87d9ecd-3c44-4959-886c-841dc2049b6a|H4400n
game-start|1.0.0|2017-01-26 12:28:42.8952697|8a135da3-3b55-48ba-a84c-705ee0eb9201|D3r0n3
game-start|1.0.0|2017-01-26 12:28:42.9812697|6c415418-9265-487b-8006-63eb72823a3f|B44n44d
game-start|1.0.0|2017-01-26 12:28:50.6598178|6eb2584b-dbfa-4929-8461-0803783df6c8|B3n3
game-start|1.0.0|2017-01-26 12:28:51.3718178|518afc23-f16d-4c21-b6d7-b15f38d7ea0c|S44t0n144
game-start|1.0.0|2017-01-26 12:28:50.5688178|f8dfa299-cd83-4b01-872b-113100fa9198|Cl44ry
game-start|1.0.0|2017-01-26 12:28:51.0198178|18b60d9d-2542-4603-a491-982dfc3013bd|Tyw4nn4
game-start|1.0.0|2017-01-26 12:28:51.0858178|f3dc58c4-f879-4073-8321-eb19e1a9fead|K44hr1n
game-start|1.0.0|2017-01-26 12:28:57.8167504|bc81477b-740c-43d9-890e-b729ed4f620b|N44443n3
game-start|1.0.0|2017-01-26 12:28:58.2277504|80a131c7-2a5e-482d-b6fd-b53e4499af5c|T3m1k0
game-start|1.0.0|2017-01-26 12:28:58.3127504|0af7f110-74db-4e27-9527-928e84ea6b4d|Phyl1sh44
game-start|1.0.0|2017-01-26 12:28:58.6807504|dab2658d-9840-4735-9d3c-9528e331e710|4423n
game-start|1.0.0|2017-01-26 12:28:58.3077504|bc84c270-ca07-4d61-9c19-3705a275487f|Sh44n1c3
game-start|1.0.0|2017-01-26 12:29:04.4112368|5219aa0c-e06f-479e-91f0-5d26c8033aed|Ch44ty
game-start|1.0.0|2017-01-26 12:29:04.5482368|9a36106e-6d46-4c65-b1c6-437f24ebe56c|Dud
game-start|1.0.0|2017-01-26 12:29:05.1122368|84ade2f0-1ba1-470e-9ccb-b8a4c3946240|24lm3n
game-start|1.0.0|2017-01-26 12:29:05.1502368|5e4eef7a-10de-4ee5-8c96-712ca9fe8dfa|S1r14
game-start|1.0.0|2017-01-26 12:29:05.2272368|ebe28e6f-851c-4fc3-a367-37ccbeb98ec4|M44r144
game-start|1.0.0|2017-01-26 12:29:11.3690582|196a81ff-5ef2-42ad-b358-bf485b928deb|N44c13
game-start|1.0.0|2017-01-26 12:29:11.4960582|d2962b74-9066-487c-92fb-6c854b8121be|44ynd44
game-start|1.0.0|2017-01-26 12:29:12.1310582|ffffa384-58b5-4212-85b2-dfbce2a6200f|M0l1n3
game-start|1.0.0|2017-01-26 12:29:12.1810582|de05b200-b2b1-40ef-93ec-e92bb248ba0a|L4c0ny4
game-start|1.0.0|2017-01-26 12:29:12.2390582|8583c5c9-b16e-41a4-a5ef-4421c739f929|S344t44
game-start|1.0.0|2017-01-26 12:29:18.7531259|9bfde6fd-0e5e-4cfa-9f18-958f62d9844f|D10n1s144
game-start|1.0.0|2017-01-26 12:29:19.0751259|3a7d32ab-4b18-498a-8bfd-542415780afa|K4l1s4
game-start|1.0.0|2017-01-26 12:29:19.6661259|4b2ba612-0b62-474e-b87a-e2315b2c27ff|J3w3l3n3
game-start|1.0.0|2017-01-26 12:29:18.8531259|14b203f7-c990-42cb-90c6-691e97d8ca84|C443c44
game-start|1.0.0|2017-01-26 12:29:19.4711259|6bf2dfb0-393f-4497-810a-30b3e69160b0|C1s3ly
game-start|1.0.0|2017-01-26 12:29:27.2516845|d353e336-837b-4520-8de4-6d954e151436|W1ll44s3
game-start|1.0.0|2017-01-26 12:29:27.5646845|a43ab247-f7f5-4c99-a19b-96e6c3daa0c2|K3ndr344
game-start|1.0.0|2017-01-26 12:29:27.9256845|7a68a2e4-58b6-4c88-a026-6cbc54827f47|W1lm3tt44
game-start|1.0.0|2017-01-26 12:29:28.0946845|a969e414-1e6d-4968-928d-e31c2316b993|G3ffr3y
game-start|1.0.0|2017-01-26 12:29:27.7976845|8a3b63d3-ed9f-47c5-b86c-5d1f44ed134e|C0l1n3
game-start|1.0.0|2017-01-26 12:29:37.5595680|4dc59d6e-aac1-44f0-96a3-97d8b04d29f5|M3rl1nd44
game-start|1.0.0|2017-01-26 12:29:37.8595680|3f6f2ac6-5712-421c-8e59-549b46220edb|L0rr3n
game-start|1.0.0|2017-01-26 12:29:38.0395680|c54ea9c8-17a2-40c3-b1c2-0fa054f7521f|G3r44d344
game-start|1.0.0|2017-01-26 12:29:37.3285680|9f7e70a4-5e69-4771-8491-36d5b14b3a60|Luc3tt3
game-start|1.0.0|2017-01-26 12:29:37.7515680|4276d410-9ce6-4c24-a150-6078f958cf54|4lph1ld
game-start|1.0.0|2017-01-26 12:29:49.8215174|7f60028c-8905-409a-b87b-a917910779fd|Y1
game-start|1.0.0|2017-01-26 12:29:50.0045174|f40f3cb8-d229-4035-bc3f-6a619cbadf63|D0n344
game-start|1.0.0|2017-01-26 12:29:49.6495174|07c95474-2cb0-4cde-828b-6a7d276d866b|L1dw1n4
game-start|1.0.0|2017-01-26 12:29:50.1095174|5dc40006-1791-4320-9635-e37f4f128af5|J4yd4
game-start|1.0.0|2017-01-26 12:29:50.4685174|4443138a-4cf8-4baf-87ce-71b545a21052|44n3y
game-start|1.0.0|2017-01-26 12:30:07.4827998|f02d6faf-575f-4305-9489-1bba0c91b804|K0nn13
game-start|1.0.0|2017-01-26 12:30:07.8057998|0f95249b-f6e1-4310-877f-8528c74eeef1|24ck3ry
game-start|1.0.0|2017-01-26 12:30:07.9257998|65d35ccd-3477-4ed3-88d0-61dbe07fbfd9|T1n4
game-start|1.0.0|2017-01-26 12:30:07.9357998|c25c00db-4057-4a4b-a312-4243009f128c|D4rl33
game-start|1.0.0|2017-01-26 12:30:07.5327998|4cd08009-465b-4a28-a5bb-ae9502dcf7e6|D0rry
game-start|1.0.0|2017-01-26 12:30:31.4109516|b9cd7d12-3f7e-43ad-8cb8-c778aa2aae96|C44hr33n
game-start|1.0.0|2017-01-26 12:30:31.5499516|db3128c0-9bbe-4a0a-ba6b-0a07bddcbe5f|3d3
game-start|1.0.0|2017-01-26 12:30:32.3519516|3dd2a6d4-53a1-4996-aef1-3d99cdda6d6d|L44r3t44
game-start|1.0.0|2017-01-26 12:30:31.7019516|6cf2aa83-aab4-485c-8fbd-5c3312da2163|Chr1s1n44
game-start|1.0.0|2017-01-26 12:30:31.9999516|98a84a01-6e43-4ee3-98db-72d01850fbad|44ly44
